Артикул,Ссылка,Цена
GA-2100SKE-7AER,https://shop.casio.ru/catalog/g-shock-youth/ga-2100ske-7aer/,
GA-2100-1AER,https://shop.casio.ru/catalog/g-shock-youth/ga_2100_1aer/,
GMA-S2100MNCH-4A2ER,https://shop.casio.ru/catalog/g-shock/gma_s2100mnch_4a2er/,
A100WEPC-1BER,https://shop.casio.ru/catalog/vintage/a100wepc-1ber/,
AWM-500GC-1AJR,https://shop.casio.ru/catalog/g-shock/awm_500gc_1ajr/,
DW-5600DAILY21-1ER,https://shop.casio.ru/catalog/g-shock/dw-5600daily21-1er/,
DWE-5600CC-3ER,https://shop.casio.ru/catalog/g-shock/dwe_5600cc_3er/,
EF-527D-2AVUEF,https://shop.casio.ru/catalog/edifice/ef_527d_2avuef/,
EF-527D-3AVUEF,https://shop.casio.ru/catalog/edifice/ef_527d_3avuef/,
EFR-S572DC-1AVUEF,https://shop.casio.ru/catalog/edifice/efr_s572dc_1avuef/,
EFS-S570DC-1AUEF,https://shop.casio.ru/catalog/edifice/efs-s570dc-1auef/,
EFS-S590AT-1AER,https://shop.casio.ru/catalog/edifice/efs_s590at_1aer/,
EFS-S600D-1A2VUEF,https://shop.casio.ru/catalog/edifice/efs_s600d_1a2vuef/,
EFV-620D-1A4VUEF,https://shop.casio.ru/catalog/edifice/efv_620d_1a4vuef/,
EFV-620D-2AVUEF,https://shop.casio.ru/catalog/edifice/efv_620d_2avuef/,
EQB-1000AT-1AER,https://shop.casio.ru/catalog/edifice-connected/eqb_1000at_1aer/,
EQB-1200D-1AER,https://shop.casio.ru/catalog/edifice-connected/eqb-1200d-1aer/,
GA-110LS-1AER,https://shop.casio.ru/catalog/g-shock-youth/ga_110ls_1aer/,
GA-2100FR-3AER,https://shop.casio.ru/catalog/g-shock-youth/ga_2100fr_3aer/,
GA-2100FR-5AER,https://shop.casio.ru/catalog/g-shock-youth/ga_2100fr_5aer/,
GA-2100SU-1AER,https://shop.casio.ru/catalog/g-shock-youth/ga_2100su_1aer/,
GA-2200-2AER,https://shop.casio.ru/catalog/g-shock/ga-2200-2aer/,
GA-900GC-7AER,https://shop.casio.ru/catalog/g-shock-youth/ga_900gc_7aer/,
GM-110NE-1AER,https://shop.casio.ru/catalog/g-shock-youth/gm_110ne_1aer/,
GM-2100B-4AER,https://shop.casio.ru/catalog/g-shock/gm-2100b-4aer/,
GM-5600EY-1DR,https://shop.casio.ru/catalog/g-shock-youth/gm_5600ey_1dr/,
GM-5600SCM-1ER,https://shop.casio.ru/catalog/g-shock/gm_5600scm_1er/,
GM-6900SG-9ER,https://shop.casio.ru/catalog/g-shock/gm-6900sg-9er/,
GM-S2100-3AER,https://shop.casio.ru/catalog/g-shock-youth/gm-s2100-3aer/,
GM-S2100B-8AER,https://shop.casio.ru/catalog/g-shock-youth/gm-s2100b-8aer/,
GM-S2100PG-1A4ER,https://shop.casio.ru/catalog/g-shock-youth/gm-s2100pg-1a4er/,
